"Kingdom","Phylum","Class","Order","Family","Genus"
"Bacteria","Verrucomicrobiota","Chlamydiae","Chlamydiales","Simkaniaceae","Candidatus Fritschea"
"Bacteria","Proteobacteria","Gammaproteobacteria","Enterobacterales","Psychromonadaceae","Psychromonas"
"Bacteria","Firmicutes","Bacilli","Acholeplasmatales","Acholeplasmataceae","Anaeroplasma"
"Bacteria","Myxococcota","Polyangia","Nannocystales","Nannocystaceae",NA
"Bacteria","Actinobacteriota","Actinobacteria","Corynebacteriales","Corynebacteriaceae","Corynebacterium"
"Bacteria","Bacteroidota","Bacteroidia","Flavobacteriales","Flavobacteriaceae","Polaribacter"
"Bacteria","Proteobacteria","Alphaproteobacteria","Rickettsiales","Mitochondria",NA
"Bacteria","Actinobacteriota","Actinobacteria","Kineosporiales","Kineosporiaceae",NA
"Bacteria","Proteobacteria","Alphaproteobacteria","Rhodobacterales","Rhodobacteraceae","Jannaschia"
"Bacteria","Proteobacteria","Alphaproteobacteria","Sphingomonadales","Sphingomonadaceae","Sphingomonas"
"Bacteria","Bacteroidota","Bacteroidia","Flavobacteriales","Flavobacteriaceae","Aquibacter"
"Bacteria","Firmicutes","Limnochordia","Hydrogenispora",NA,NA
"Bacteria","Myxococcota","Polyangia","Blfdi19",NA,NA
"Bacteria","Desulfobacterota","Desulfobacteria","Desulfobacterales","Desulfobacteraceae","Desulfoconvexum"
"Bacteria","Proteobacteria","Gammaproteobacteria","Enterobacterales","Alteromonadaceae","Glaciecola"
"Bacteria","Firmicutes","Bacilli","Acholeplasmatales","Acholeplasmataceae","Anaeroplasma"
"Bacteria","Campylobacterota","Campylobacteria","Campylobacterales","Arcobacteraceae","Halarcobacter"
"Bacteria","Proteobacteria","Alphaproteobacteria","Rickettsiales","Mitochondria",NA
"Bacteria","Verrucomicrobiota","Verrucomicrobiae","Verrucomicrobiales","DEV007",NA
"Bacteria","Proteobacteria","Gammaproteobacteria","Enterobacterales","Vibrionaceae","Vibrio"
"Bacteria","Bacteroidota","Bacteroidia","Chitinophagales","Saprospiraceae","Aureispira"
"Bacteria","Bacteroidota","Bacteroidia","Flavobacteriales","Flavobacteriaceae","Ulvibacter"
"Bacteria","Proteobacteria","Alphaproteobacteria","Caulobacterales","Hyphomonadaceae","Hellea"
"Bacteria","Bacteroidota","Bacteroidia","Chitinophagales","Saprospiraceae",NA
"Bacteria","Bacteroidota","Bacteroidia","Chitinophagales",NA,NA
"Bacteria","Bacteroidota","Bacteroidia","Chitinophagales","Saprospiraceae","Aureispira"
"Bacteria","Campylobacterota","Campylobacteria","Campylobacterales","Arcobacteraceae",NA
"Bacteria","Proteobacteria","Alphaproteobacteria","Micavibrionales","Micavibrionaceae",NA
"Bacteria","Bacteroidota","Bacteroidia","Flavobacteriales","Flavobacteriaceae","Maribacter"
NA,NA,NA,NA,NA,NA
"Bacteria","Proteobacteria","Gammaproteobacteria","Pseudomonadales","Marinomonadaceae","Marinomonas"
"Bacteria","Proteobacteria","Alphaproteobacteria","SAR11 clade","Clade I","Clade Ia"
"Bacteria","Bacteroidota","Bacteroidia","Flavobacteriales","Flavobacteriaceae","Polaribacter"
"Bacteria","Bacteroidota","Bacteroidia","Chitinophagales","Chitinophagaceae","Cnuella"
"Bacteria","Actinobacteriota","Actinobacteria","Micrococcales","Cellulomonadaceae","Cellulomonas"
"Bacteria","Proteobacteria","Gammaproteobacteria","Enterobacterales","Alteromonadaceae","Glaciecola"
"Bacteria","Proteobacteria","Gammaproteobacteria","Enterobacterales","Moritellaceae","Moritella"
"Bacteria","Proteobacteria","Alphaproteobacteria","Rhodobacterales","Rhodobacteraceae","Yoonia-Loktanella"
"Bacteria","Actinobacteriota","Actinobacteria","Corynebacteriales","Corynebacteriaceae","Corynebacterium"
"Bacteria","Proteobacteria","Alphaproteobacteria","Rhodobacterales","Rhodobacteraceae","Marivita"
"Bacteria",NA,NA,NA,NA,NA
"Bacteria","Firmicutes","Negativicutes","Acidaminococcales","Acidaminococcaceae",NA
"Bacteria","Proteobacteria","Alphaproteobacteria","Rhodobacterales","Rhodobacteraceae","Paracoccus"
"Bacteria","Cyanobacteria","Cyanobacteriia","Chloroplast",NA,NA
"Bacteria","Myxococcota","Polyangia","Nannocystales","Nannocystaceae",NA
"Bacteria","Bacteroidota","Bacteroidia","Chitinophagales","Saprospiraceae",NA
"Bacteria","Actinobacteriota","Actinobacteria","Corynebacteriales","Corynebacteriaceae","Corynebacterium"
"Bacteria","Verrucomicrobiota","Verrucomicrobiae","Verrucomicrobiales","Rubritaleaceae","Roseibacillus"
"Bacteria","Proteobacteria","Gammaproteobacteria","Enterobacterales","Psychromonadaceae","Psychromonas"
"Bacteria","Campylobacterota","Campylobacteria","Campylobacterales","Arcobacteraceae",NA
"Bacteria","Proteobacteria","Alphaproteobacteria","Caulobacterales","Caulobacteraceae","Brevundimonas"
"Bacteria","Proteobacteria","Alphaproteobacteria","Azospirillales","Inquilinaceae","Inquilinus"
"Bacteria","Bacteroidota","Bacteroidia","Flavobacteriales","Flavobacteriaceae","Tenacibaculum"
"Bacteria","Proteobacteria","Gammaproteobacteria","Enterobacterales","Colwelliaceae","Colwellia"
"Bacteria","Bacteroidota","Bacteroidia","Cytophagales","Hymenobacteraceae","Pontibacter"
"Bacteria",NA,NA,NA,NA,NA
"Bacteria","Bacteroidota","Bacteroidia","Flavobacteriales","Flavobacteriaceae","Tenacibaculum"
"Bacteria","Proteobacteria","Alphaproteobacteria","Rhodobacterales","Rhodobacteraceae","Amylibacter"
"Bacteria","Proteobacteria","Alphaproteobacteria","Caulobacterales","Hyphomonadaceae",NA
"Bacteria","Myxococcota","Myxococcia","Myxococcales","Myxococcaceae","P3OB-42"
"Bacteria","Bacteroidota","Bacteroidia",NA,NA,NA
"Archaea","Nanoarchaeota","Nanoarchaeia","Woesearchaeales","SCGC AAA286-E23",NA
"Bacteria","Proteobacteria","Alphaproteobacteria","Rhizobiales","Xanthobacteraceae","Bradyrhizobium"
"Bacteria","Bacteroidota","Bacteroidia","Flavobacteriales","Flavobacteriaceae","Maribacter"
"Bacteria","Cyanobacteria","Cyanobacteriia","Chloroplast",NA,NA
"Bacteria","Proteobacteria","Gammaproteobacteria","Enterobacterales","Psychromonadaceae","Psychromonas"
"Bacteria","Proteobacteria","Alphaproteobacteria","Rhodobacterales","Rhodobacteraceae","Octadecabacter"
"Bacteria","Proteobacteria","Gammaproteobacteria","Enterobacterales","Psychromonadaceae","Psychromonas"
"Archaea","Nanoarchaeota","Nanoarchaeia","Woesearchaeales","SCGC AAA286-E23",NA
"Bacteria","Cyanobacteria","Cyanobacteriia","Chloroplast",NA,NA
NA,NA,NA,NA,NA,NA
"Bacteria","Proteobacteria","Gammaproteobacteria","Enterobacterales","Alteromonadaceae","Alteromonas"
"Bacteria",NA,NA,NA,NA,NA
"Bacteria","Desulfobacterota","Desulfobulbia","Desulfobulbales","Desulfocapsaceae","Desulforhopalus"
"Bacteria","Proteobacteria","Gammaproteobacteria","UBA10353 marine group",NA,NA
"Bacteria","Bacteroidota","Bacteroidia","Flavobacteriales","NS9 marine group",NA
"Bacteria","Proteobacteria","Gammaproteobacteria","Thiotrichales","Thiotrichaceae","Leucothrix"
"Bacteria","Firmicutes","Bacilli","Lactobacillales","Streptococcaceae","Streptococcus"
"Bacteria","Patescibacteria","Saccharimonadia","Saccharimonadales","Saccharimonadaceae","TM7x"
"Bacteria","Proteobacteria","Alphaproteobacteria","SAR11 clade","Clade II",NA
"Bacteria","Bacteroidota","Bacteroidia","Chitinophagales","Saprospiraceae",NA
"Bacteria","Verrucomicrobiota","Verrucomicrobiae","Opitutales","Puniceicoccaceae","Lentimonas"
"Bacteria","Proteobacteria","Gammaproteobacteria","Pseudomonadales","Marinomonadaceae","Marinomonas"
"Eukaryota",NA,NA,NA,NA,NA
NA,NA,NA,NA,NA,NA
"Bacteria","Myxococcota","Polyangia","Haliangiales","Haliangiaceae","Haliangium"
"Bacteria","Bdellovibrionota","Bdellovibrionia","Bacteriovoracales","Bacteriovoracaceae","Peredibacter"
"Bacteria","Bacteroidota","Bacteroidia","Chitinophagales","Saprospiraceae","Aureispira"
"Bacteria","Firmicutes","Clostridia","Oscillospirales","Ruminococcaceae","Incertae Sedis"
"Bacteria","Desulfobacterota","Desulfuromonadia","Bradymonadales",NA,NA
"Bacteria","Proteobacteria","Alphaproteobacteria","Rickettsiales","SM2D12",NA
"Bacteria","Proteobacteria","Gammaproteobacteria","Enterobacterales","Colwelliaceae","Colwellia"
"Bacteria","Proteobacteria","Gammaproteobacteria","Enterobacterales","Psychromonadaceae","Psychromonas"
"Bacteria","Cyanobacteria","Cyanobacteriia","Chloroplast",NA,NA
"Bacteria","Proteobacteria","Gammaproteobacteria","Enterobacterales","Shewanellaceae","Psychrobium"
"Bacteria","Cyanobacteria","Cyanobacteriia","Chloroplast",NA,NA
"Bacteria","Proteobacteria","Gammaproteobacteria","Enterobacterales","Alteromonadaceae","Salinimonas"
"Bacteria","Firmicutes","Bacilli","Mycoplasmatales","Mycoplasmataceae","Mycoplasma"
"Bacteria","Proteobacteria","Gammaproteobacteria","Enterobacterales","Alteromonadaceae","Glaciecola"
"Bacteria",NA,NA,NA,NA,NA
"Eukaryota",NA,NA,NA,NA,NA
"Bacteria","Desulfobacterota","Desulfobulbia","Desulfobulbales","Desulfobulbaceae","Desulfobulbus"
"Bacteria","Patescibacteria","Saccharimonadia","Saccharimonadales","Saccharimonadaceae","TM7a"
"Bacteria","Proteobacteria","Alphaproteobacteria","Puniceispirillales","SAR116 clade",NA
"Bacteria","Proteobacteria","Alphaproteobacteria","Caulobacterales","Caulobacteraceae","Brevundimonas"
"Bacteria","Actinobacteriota","Actinobacteria","Micrococcales","Microbacteriaceae","Salinibacterium"
"Bacteria","Proteobacteria","Gammaproteobacteria","Burkholderiales","Comamonadaceae","Delftia"
"Bacteria","Desulfobacterota","Desulfobulbia","Desulfobulbales","Desulfocapsaceae","Desulforhopalus"
"Bacteria","Actinobacteriota","Actinobacteria","Frankiales","Geodermatophilaceae","Modestobacter"
"Bacteria","Patescibacteria","Gracilibacteria","JGI 0000069-P22",NA,NA
"Bacteria","Cyanobacteria","Cyanobacteriia","Chloroplast",NA,NA
"Bacteria","Bacteroidota","Bacteroidia","Chitinophagales","Saprospiraceae",NA
"Bacteria","Actinobacteriota","Actinobacteria","Corynebacteriales","Corynebacteriaceae","Corynebacterium"
"Bacteria","Patescibacteria","Parcubacteria","Candidatus Campbellbacteria",NA,NA
"Bacteria","Actinobacteriota","Thermoleophilia","Solirubrobacterales","67-14",NA
"Bacteria","Verrucomicrobiota","Verrucomicrobiae","Verrucomicrobiales","Rubritaleaceae","Rubritalea"
"Bacteria","Bacteroidota","Bacteroidia","Chitinophagales",NA,NA
"Bacteria","Actinobacteriota","Actinobacteria","Corynebacteriales","Corynebacteriaceae","Corynebacterium"
"Bacteria","Bacteroidota","Bacteroidia","Bacteroidales",NA,NA
"Bacteria","Firmicutes","Clostridia","Lachnospirales","Lachnospiraceae","Blautia"
"Bacteria","Proteobacteria","Gammaproteobacteria","Enterobacterales","Enterobacteriaceae","Escherichia-Shigella"
"Bacteria","Bacteroidota","Bacteroidia","Chitinophagales",NA,NA
"Bacteria","Proteobacteria","Gammaproteobacteria","Burkholderiales","Burkholderiaceae","Burkholderia-Caballeronia-Paraburkholderia"
"Bacteria","Deinococcota","Deinococci","Thermales","Thermaceae","Thermus"
"Bacteria","Proteobacteria","Gammaproteobacteria","Burkholderiales","Burkholderiaceae","Ralstonia"
"Bacteria","Proteobacteria","Gammaproteobacteria","Enterobacterales","Vibrionaceae","Aliivibrio"
"Bacteria","LCP-89",NA,NA,NA,NA
"Bacteria","Verrucomicrobiota","Verrucomicrobiae","Verrucomicrobiales","Rubritaleaceae","Rubritalea"
"Bacteria","Verrucomicrobiota","Verrucomicrobiae","Verrucomicrobiales","Rubritaleaceae","Rubritalea"
"Bacteria","Proteobacteria","Gammaproteobacteria","Pseudomonadales","Saccharospirillaceae","Oleispira"
"Bacteria","Bacteroidota","Bacteroidia",NA,NA,NA
"Bacteria","Bacteroidota","Bacteroidia","Flavobacteriales","Flavobacteriaceae","Algibacter"
"Bacteria","Bacteroidota","Bacteroidia","Flavobacteriales","Flavobacteriaceae","Aurantivirga"
"Bacteria","Proteobacteria","Alphaproteobacteria","Caulobacterales","Hyphomonadaceae","Hellea"
"Bacteria","Actinobacteriota","Actinobacteria","Micrococcales","Micrococcaceae","Micrococcus"
"Bacteria","Proteobacteria",NA,NA,NA,NA
"Bacteria","Bacteroidota","Bacteroidia","Chitinophagales","Saprospiraceae",NA
"Bacteria","Firmicutes","Bacilli","Mycoplasmatales","Mycoplasmataceae","Mycoplasma"
"Bacteria","Actinobacteriota","Actinobacteria","Micrococcales","Bogoriellaceae","Georgenia"
"Bacteria","Proteobacteria","Alphaproteobacteria","Caulobacterales","Caulobacteraceae","Caulobacter"
"Bacteria","Verrucomicrobiota","Verrucomicrobiae","Verrucomicrobiales","Rubritaleaceae","Roseibacillus"
"Archaea","Nanoarchaeota","Nanoarchaeia","Woesearchaeales",NA,NA
"Bacteria","Proteobacteria","Gammaproteobacteria","Enterobacterales","Psychromonadaceae","Psychromonas"
"Bacteria","Proteobacteria","Gammaproteobacteria","Enterobacterales","Colwelliaceae","Thalassotalea"
"Bacteria","Proteobacteria","Gammaproteobacteria","Enterobacterales","Colwelliaceae","Thalassotalea"
"Bacteria","Actinobacteriota","Acidimicrobiia","Microtrichales","Ilumatobacteraceae","Ilumatobacter"
"Bacteria","Verrucomicrobiota","Verrucomicrobiae","Opitutales","Puniceicoccaceae","Lentimonas"
"Bacteria","Proteobacteria","Alphaproteobacteria","Rickettsiales","Mitochondria",NA
"Bacteria","Proteobacteria","Alphaproteobacteria","SAR11 clade","Clade I","Clade Ia"
"Bacteria","Bacteroidota","Bacteroidia","Chitinophagales","Saprospiraceae","Lewinella"
"Bacteria","Proteobacteria","Alphaproteobacteria","Rickettsiales","Mitochondria",NA
"Bacteria","Bacteroidota","Bacteroidia","Chitinophagales","Saprospiraceae",NA
"Bacteria","Proteobacteria","Alphaproteobacteria","Rhodobacterales","Rhodobacteraceae","Yoonia-Loktanella"
"Bacteria","Proteobacteria","Gammaproteobacteria","Enterobacterales","Vibrionaceae","Aliivibrio"
"Bacteria","Desulfobacterota","Desulfuromonadia","PB19",NA,NA
"Bacteria","Proteobacteria","Gammaproteobacteria","Pseudomonadales","Halomonadaceae","Halomonas"
"Bacteria","Proteobacteria","Gammaproteobacteria","Enterobacterales","Celerinatantimonadaceae","Celerinatantimonas"
"Bacteria","Bdellovibrionota","Bdellovibrionia","Bacteriovoracales","Bacteriovoracaceae","Halobacteriovorax"
"Bacteria","Bacteroidota","Bacteroidia","Flavobacteriales","Flavobacteriaceae","Pibocella"
"Bacteria","Verrucomicrobiota","Verrucomicrobiae","Verrucomicrobiales","Rubritaleaceae","Rubritalea"
"Bacteria","Actinobacteriota","Actinobacteria","Corynebacteriales","Corynebacteriaceae","Corynebacterium"
"Bacteria","Proteobacteria","Gammaproteobacteria","Enterobacterales","Vibrionaceae","Vibrio"
"Bacteria","Cyanobacteria","Cyanobacteriia","Chloroplast",NA,NA
"Bacteria","Actinobacteriota","Actinobacteria","Corynebacteriales","Corynebacteriaceae","Corynebacterium"
"Bacteria","Actinobacteriota","Actinobacteria","Frankiales","Geodermatophilaceae","Blastococcus"
"Bacteria","Cyanobacteria","Cyanobacteriia","Chloroplast",NA,NA
"Bacteria","Proteobacteria","Alphaproteobacteria","Caulobacterales","Caulobacteraceae","Brevundimonas"
"Bacteria","Bacteroidota","Bacteroidia","Chitinophagales",NA,NA
"Bacteria","Bacteroidota","Bacteroidia","Cytophagales","Cyclobacteriaceae","Algoriphagus"
"Bacteria","NB1-j",NA,NA,NA,NA
"Bacteria","Proteobacteria","Gammaproteobacteria","Enterobacterales","Vibrionaceae","Vibrio"
"Bacteria",NA,NA,NA,NA,NA
"Bacteria","Proteobacteria","Alphaproteobacteria","Caulobacterales","Hyphomonadaceae",NA
"Bacteria","Desulfobacterota","Desulfobacteria","Desulfobacterales","Desulfobacteraceae",NA
"Bacteria","Bacteroidota","Bacteroidia","Bacteroidales","Marinifilaceae","Marinifilum"
"Bacteria","Proteobacteria","Gammaproteobacteria","Enterobacterales","Vibrionaceae","Aliivibrio"
"Bacteria","Verrucomicrobiota","Verrucomicrobiae","Verrucomicrobiales","Rubritaleaceae","Persicirhabdus"
"Bacteria","Firmicutes","Clostridia","Peptostreptococcales-Tissierellales","Family XI","Anaerococcus"
"Bacteria","Proteobacteria","Gammaproteobacteria","Pseudomonadales","Pseudomonadaceae","Pseudomonas"
"Bacteria","Proteobacteria","Alphaproteobacteria",NA,NA,NA
"Bacteria","Zixibacteria",NA,NA,NA,NA
"Bacteria","Verrucomicrobiota","Chlamydiae","Chlamydiales","Simkaniaceae","Candidatus Fritschea"
"Bacteria","Verrucomicrobiota","Verrucomicrobiae","Verrucomicrobiales","Rubritaleaceae","Rubritalea"
"Bacteria","Proteobacteria","Alphaproteobacteria",NA,NA,NA
"Bacteria","Verrucomicrobiota","Verrucomicrobiae","Verrucomicrobiales","Rubritaleaceae","Roseibacillus"
"Bacteria","Sva0485",NA,NA,NA,NA
"Bacteria","Chloroflexi","Anaerolineae","SBR1031",NA,NA
"Bacteria","Bacteroidota","Bacteroidia","Chitinophagales","Saprospiraceae",NA
"Bacteria",NA,NA,NA,NA,NA
"Bacteria","Proteobacteria","Gammaproteobacteria","Enterobacterales","Vibrionaceae","Aliivibrio"
"Bacteria",NA,NA,NA,NA,NA
"Bacteria","Proteobacteria","Gammaproteobacteria","Enterobacterales","Colwelliaceae","Colwellia"
"Bacteria","Bdellovibrionota","Bdellovibrionia","Bacteriovoracales","Bacteriovoracaceae","Peredibacter"
NA,NA,NA,NA,NA,NA
"Bacteria","Proteobacteria","Gammaproteobacteria","Enterobacterales","Pseudoalteromonadaceae","Pseudoalteromonas"
"Bacteria","Proteobacteria","Gammaproteobacteria","Enterobacterales","Alteromonadaceae","Alteromonas"
"Bacteria","Bacteroidota","Bacteroidia","Flavobacteriales","Flavobacteriaceae","Psychroserpens"
"Bacteria","Patescibacteria","Gracilibacteria",NA,NA,NA
"Bacteria","Bacteroidota","Bacteroidia","Flavobacteriales","Flavobacteriaceae","Polaribacter"
"Bacteria","Proteobacteria","Alphaproteobacteria","Rhodobacterales","Rhodobacteraceae","Sulfitobacter"
"Bacteria","Bacteroidota","Bacteroidia","Chitinophagales","Saprospiraceae",NA
"Bacteria","Proteobacteria","Gammaproteobacteria","Pseudomonadales","Moraxellaceae","Acinetobacter"
"Bacteria","Firmicutes","Clostridia","Peptostreptococcales-Tissierellales",NA,NA
"Bacteria","Firmicutes","Bacilli","Bacillales","Bacillaceae","Aeribacillus"
"Bacteria",NA,NA,NA,NA,NA
"Bacteria","Hydrogenedentes","Hydrogenedentia","Hydrogenedentiales","Hydrogenedensaceae",NA
"Bacteria","Proteobacteria","Gammaproteobacteria","Burkholderiales","Burkholderiaceae","Burkholderia-Caballeronia-Paraburkholderia"
"Bacteria","Actinobacteriota","Actinobacteria","Corynebacteriales","Corynebacteriaceae","Corynebacterium"
"Bacteria","Verrucomicrobiota","Verrucomicrobiae","Verrucomicrobiales","Rubritaleaceae","Rubritalea"
"Bacteria","Proteobacteria","Alphaproteobacteria","Rhizobiales","Xanthobacteraceae","Bradyrhizobium"
"Bacteria","Deinococcota","Deinococci","Deinococcales","Trueperaceae","Truepera"
"Bacteria","Proteobacteria","Gammaproteobacteria","Enterobacterales","Vibrionaceae","Aliivibrio"
"Bacteria","Verrucomicrobiota","Verrucomicrobiae","Opitutales","Puniceicoccaceae","Lentimonas"
"Bacteria","Fusobacteriota","Fusobacteriia","Fusobacteriales","Fusobacteriaceae","Psychrilyobacter"
"Bacteria","Proteobacteria","Gammaproteobacteria","Pseudomonadales","Halomonadaceae","Cobetia"
"Bacteria","Chloroflexi","Chloroflexia","Thermomicrobiales","JG30-KF-CM45",NA
"Bacteria","Verrucomicrobiota","Verrucomicrobiae","Verrucomicrobiales","Rubritaleaceae","Rubritalea"
"Bacteria","Proteobacteria","Gammaproteobacteria","Thiotrichales","Thiotrichaceae","Thiothrix"
"Bacteria","Bacteroidota","Bacteroidia","Flavobacteriales","Flavobacteriaceae","Polaribacter"
"Bacteria","Bacteroidota","Bacteroidia","Cytophagales","Cyclobacteriaceae","Reichenbachiella"
"Bacteria","Bdellovibrionota","Bdellovibrionia","Bdellovibrionales","Bdellovibrionaceae","OM27 clade"
"Bacteria","Proteobacteria","Gammaproteobacteria","Enterobacterales","Shewanellaceae","Psychrobium"
"Bacteria","Fusobacteriota","Fusobacteriia","Fusobacteriales","Fusobacteriaceae","Cetobacterium"
"Bacteria","Cyanobacteria","Cyanobacteriia","Chloroplast",NA,NA
"Bacteria","Verrucomicrobiota","Chlamydiae","Chlamydiales","Simkaniaceae","Candidatus Fritschea"
"Bacteria","Proteobacteria","Gammaproteobacteria","Enterobacterales","Vibrionaceae","Aliivibrio"
"Eukaryota",NA,NA,NA,NA,NA
"Bacteria","Proteobacteria","Gammaproteobacteria","Enterobacterales","Psychromonadaceae","Psychromonas"
"Bacteria","Bacteroidota","Bacteroidia","Flavobacteriales","Flavobacteriaceae","Polaribacter"
"Bacteria","Fibrobacterota","Fibrobacteria","Fibrobacterales","Fibrobacteraceae",NA
"Bacteria","Cyanobacteria","Cyanobacteriia","Chloroplast",NA,NA
"Bacteria","Proteobacteria","Alphaproteobacteria","SAR11 clade","Clade I","Clade Ia"
"Bacteria","Patescibacteria","ABY1","Candidatus Falkowbacteria",NA,NA
"Bacteria","Bacteroidota","Bacteroidia","Flavobacteriales","Flavobacteriaceae","Aurantivirga"
"Bacteria","Proteobacteria","Alphaproteobacteria","Rickettsiales","Mitochondria",NA
"Bacteria",NA,NA,NA,NA,NA
"Bacteria","Planctomycetota","Phycisphaerae","Tepidisphaerales","Tepidisphaeraceae",NA
"Bacteria","Proteobacteria","Gammaproteobacteria","Burkholderiales","Comamonadaceae","Pelomonas"
"Bacteria","Proteobacteria","Alphaproteobacteria","Rickettsiales","Mitochondria",NA
"Bacteria","Proteobacteria","Alphaproteobacteria","Micavibrionales","Micavibrionaceae",NA
"Bacteria","Bacteroidota","Bacteroidia","Cytophagales","Bernardetiaceae","Bernardetia"
"Bacteria","Bacteroidota","Bacteroidia","Chitinophagales",NA,NA
"Bacteria","Actinobacteriota","Actinobacteria","Micrococcales","Microbacteriaceae","Leifsonia"
"Bacteria","Bacteroidota","Bacteroidia","Chitinophagales","Saprospiraceae",NA
"Bacteria","Sumerlaeota","Sumerlaeia","Sumerlaeales","Sumerlaeaceae","Sumerlaea"
"Bacteria","Actinobacteriota","Actinobacteria","Corynebacteriales","Corynebacteriaceae","Corynebacterium"
"Bacteria","Proteobacteria","Gammaproteobacteria","Enterobacterales","Colwelliaceae","Colwellia"
"Bacteria","Firmicutes","Bacilli","Staphylococcales","Staphylococcaceae","Staphylococcus"
"Bacteria","Bdellovibrionota","Bdellovibrionia","Bdellovibrionales","Bdellovibrionaceae","OM27 clade"
"Bacteria","Bacteroidota","Bacteroidia","Flavobacteriales","Flavobacteriaceae","Algibacter"
"Bacteria","Bacteroidota","Bacteroidia","Chitinophagales","Saprospiraceae",NA
"Bacteria","Desulfobacterota","Desulfuromonadia","Bradymonadales",NA,NA
"Bacteria","Patescibacteria","Gracilibacteria","JGI 0000069-P22",NA,NA
"Bacteria","Myxococcota","Polyangia","Polyangiales","Phaselicystidaceae","Phaselicystis"
"Bacteria","Cyanobacteria","Sericytochromatia",NA,NA,NA
"Bacteria","Desulfobacterota","Desulfobacteria","Desulfobacterales","Desulfobacteraceae",NA
"Bacteria","Bacteroidota","Bacteroidia","Chitinophagales","Saprospiraceae","Lewinella"
"Bacteria","Desulfobacterota","Desulfuromonadia","Bradymonadales",NA,NA
"Bacteria","Proteobacteria","Gammaproteobacteria","Burkholderiales","Burkholderiaceae","Ralstonia"
"Bacteria","Desulfobacterota","Desulfuromonadia","Desulfuromonadales","Geopsychrobacteraceae","Desulfuromusa"
"Bacteria","Proteobacteria","Alphaproteobacteria","Rickettsiales","Mitochondria",NA
"Bacteria","Bacteroidota","Bacteroidia","Flavobacteriales","Flavobacteriaceae","Aurantivirga"
"Bacteria","Bacteroidota","Bacteroidia","Bacteroidales","Bacteroidaceae","Bacteroides"
"Bacteria","Bacteroidota","Bacteroidia","Bacteroidales","Rikenellaceae","Rikenellaceae RC9 gut group"
"Bacteria","Proteobacteria","Gammaproteobacteria","Enterobacterales","Psychromonadaceae","Psychromonas"
"Bacteria","Proteobacteria","Alphaproteobacteria","Rickettsiales","Mitochondria",NA
"Bacteria","Firmicutes","Bacilli","Bacillales","Bacillaceae","Bacillus"
"Bacteria","Bacteroidota","Bacteroidia","Flavobacteriales","Flavobacteriaceae","Zobellia"
"Eukaryota",NA,NA,NA,NA,NA
"Bacteria","Proteobacteria","Gammaproteobacteria","Enterobacterales","Enterobacteriaceae","Escherichia-Shigella"
"Bacteria","Firmicutes","Bacilli","Bacillales","Planococcaceae","Planomicrobium"
"Bacteria","Bacteroidota","Bacteroidia","Flavobacteriales","Flavobacteriaceae","NS5 marine group"
"Bacteria","Bacteroidota","Bacteroidia","Chitinophagales","Saprospiraceae",NA
"Bacteria","Acidobacteriota","Thermoanaerobaculia","Thermoanaerobaculales","Thermoanaerobaculaceae","Subgroup 10"
"Bacteria","Bacteroidota","Bacteroidia","Bacteroidales","Rikenellaceae","Rikenellaceae RC9 gut group"
"Bacteria","Deinococcota","Deinococci","Deinococcales","Trueperaceae","Truepera"
"Bacteria","Bacteroidota","Bacteroidia","Flavobacteriales","Flavobacteriaceae","Tenacibaculum"
"Bacteria","Bacteroidota","Bacteroidia","Flavobacteriales","Cryomorphaceae","Vicingus"
"Bacteria","Proteobacteria","Gammaproteobacteria","Enterobacterales","Pseudoalteromonadaceae","Pseudoalteromonas"
"Bacteria","Proteobacteria","Alphaproteobacteria","Rickettsiales","Mitochondria",NA
"Bacteria","Bacteroidota","Bacteroidia","Flavobacteriales","Cryomorphaceae","Vicingus"
"Bacteria","Acidobacteriota","Blastocatellia","Blastocatellales","Blastocatellaceae",NA
"Bacteria","Proteobacteria","Alphaproteobacteria","Rhodobacterales","Rhodobacteraceae",NA
"Bacteria","Proteobacteria","Alphaproteobacteria","Caulobacterales","Caulobacteraceae","PMMR1"
"Bacteria","Proteobacteria","Gammaproteobacteria","Enterobacterales","Colwelliaceae","Thalassotalea"
"Bacteria","Bacteroidota","Bacteroidia","Flavobacteriales","Flavobacteriaceae","Tenacibaculum"
"Bacteria","Firmicutes","Clostridia","Clostridiales","Clostridiaceae","Clostridium sensu stricto 1"
"Bacteria","Proteobacteria","Gammaproteobacteria","Enterobacterales","Celerinatantimonadaceae","Celerinatantimonas"
"Bacteria","Dependentiae","Babeliae","Babeliales","Vermiphilaceae",NA
"Bacteria","Planctomycetota","Planctomycetes","Pirellulales","Pirellulaceae","Blastopirellula"
"Bacteria","Proteobacteria","Alphaproteobacteria","Rhodospirillales","AEGEAN-169 marine group",NA
"Bacteria","Bacteroidota","Bacteroidia","Chitinophagales",NA,NA
"Bacteria","Proteobacteria","Alphaproteobacteria","Rhizobiales","Xanthobacteraceae","Bradyrhizobium"
"Bacteria","Bacteroidota","Bacteroidia","Chitinophagales","Saprospiraceae","Lewinella"
"Bacteria","Verrucomicrobiota","Verrucomicrobiae","Verrucomicrobiales","Rubritaleaceae","Rubritalea"
"Bacteria","Proteobacteria","Gammaproteobacteria","Enterobacterales","Pseudoalteromonadaceae","Pseudoalteromonas"
"Bacteria","Actinobacteriota","Acidimicrobiia","Microtrichales","Microtrichaceae","Sva0996 marine group"
"Bacteria","Bacteroidota","Bacteroidia","Bacteroidales","Marinifilaceae","Marinifilum"
"Bacteria","Firmicutes","Clostridia","Oscillospirales","Hungateiclostridiaceae",NA
"Bacteria","Firmicutes","Bacilli","Staphylococcales","Staphylococcaceae","Staphylococcus"
"Bacteria","Proteobacteria","Alphaproteobacteria","SAR11 clade","Clade II",NA
"Bacteria","Bacteroidota","Bacteroidia","Flavobacteriales","Flavobacteriaceae","Polaribacter"
"Bacteria","Proteobacteria","Alphaproteobacteria","SAR11 clade","Clade I","Clade Ia"
"Bacteria","Cyanobacteria","Vampirivibrionia","Obscuribacterales","Obscuribacteraceae",NA
"Bacteria","Proteobacteria","Gammaproteobacteria","Pseudomonadales","Pseudomonadaceae","Pseudomonas"
"Bacteria","Proteobacteria","Alphaproteobacteria","SAR11 clade","Clade I","Clade Ia"
"Bacteria","Bacteroidota","Bacteroidia","Bacteroidales",NA,NA
"Bacteria","Acidobacteriota","Acidobacteriae","Bryobacterales","Bryobacteraceae","Bryobacter"
"Bacteria","Proteobacteria","Gammaproteobacteria","Enterobacterales","Vibrionaceae","Vibrio"
"Bacteria","Firmicutes","Bacilli","Lactobacillales","Carnobacteriaceae","Trichococcus"
"Bacteria",NA,NA,NA,NA,NA
"Bacteria","Chloroflexi","Anaerolineae","Ardenticatenales",NA,NA
NA,NA,NA,NA,NA,NA
"Bacteria","Bacteroidota","Bacteroidia","Flavobacteriales","Flavobacteriaceae","Polaribacter"
"Bacteria","Bacteroidota","Bacteroidia","Cytophagales","Hymenobacteraceae","Hymenobacter"
"Bacteria","Proteobacteria","Alphaproteobacteria","Sphingomonadales","Sphingomonadaceae",NA
"Bacteria",NA,NA,NA,NA,NA
"Bacteria","Desulfobacterota","Desulfuromonadia","Bradymonadales",NA,NA
"Bacteria",NA,NA,NA,NA,NA
"Bacteria","Actinobacteriota","Actinobacteria","Propionibacteriales","Nocardioidaceae","Marmoricola"
"Bacteria","Bacteroidota","Bacteroidia","Flavobacteriales","Flavobacteriaceae","Lacinutrix"
"Bacteria","Proteobacteria","Alphaproteobacteria","Rhodobacterales","Rhodobacteraceae","Thalassobius"
"Bacteria","Proteobacteria",NA,NA,NA,NA
"Bacteria","Firmicutes","Bacilli","Paenibacillales","Paenibacillaceae","Paenibacillus"
"Bacteria","Chloroflexi","Chloroflexia","Thermomicrobiales","JG30-KF-CM45",NA
"Bacteria","Acidobacteriota","Blastocatellia","Blastocatellales","Blastocatellaceae",NA
"Bacteria","Bacteroidota","Bacteroidia","Flavobacteriales","Flavobacteriaceae","Tenacibaculum"
"Bacteria",NA,NA,NA,NA,NA
"Bacteria","Desulfobacterota","Desulfobulbia","Desulfobulbales","Desulfocapsaceae","Desulfotalea"
"Bacteria","Bacteroidota","Bacteroidia","Flavobacteriales","NS9 marine group",NA
"Bacteria","Cyanobacteria","Sericytochromatia",NA,NA,NA
"Bacteria","Proteobacteria","Gammaproteobacteria","Enterobacterales","Psychromonadaceae","Psychromonas"
"Bacteria","Firmicutes","Clostridia","Peptostreptococcales-Tissierellales","Sedimentibacteraceae","Sedimentibacter"
"Bacteria","Proteobacteria","Alphaproteobacteria","Rickettsiales","Mitochondria",NA
"Bacteria","Firmicutes","Clostridia","Clostridiales","Clostridiaceae","Clostridium sensu stricto 1"
"Bacteria","Myxococcota","Polyangia","Nannocystales","Nannocystaceae",NA
"Bacteria","Proteobacteria","Alphaproteobacteria","Rickettsiales","Mitochondria",NA
"Bacteria","Bacteroidota","Bacteroidia","Flavobacteriales","Flavobacteriaceae","Tenacibaculum"
"Bacteria","Marinimicrobia (SAR406 clade)",NA,NA,NA,NA
"Bacteria","Bacteroidota","Bacteroidia","Flavobacteriales","Flavobacteriaceae","Polaribacter"
"Bacteria","Firmicutes","Clostridia","Peptostreptococcales-Tissierellales","Family XI","Finegoldia"
"Bacteria","Firmicutes","Clostridia","Clostridiales","Clostridiaceae","Proteiniclasticum"
"Bacteria","Patescibacteria","Gracilibacteria","JGI 0000069-P22",NA,NA
"Bacteria","Patescibacteria","Gracilibacteria","JGI 0000069-P22",NA,NA
"Bacteria","Chloroflexi","Anaerolineae","SBR1031","A4b",NA
"Bacteria","Firmicutes","Clostridia","Lachnospirales","Defluviitaleaceae","Defluviitaleaceae UCG-011"
"Bacteria","Bacteroidota","Bacteroidia","Chitinophagales",NA,NA
"Bacteria","Proteobacteria","Gammaproteobacteria","Enterobacterales","Vibrionaceae","Aliivibrio"
"Bacteria","Bacteroidota","Bacteroidia","Sphingobacteriales","env.OPS 17",NA
"Bacteria","Bacteroidota","Bacteroidia","Sphingobacteriales","env.OPS 17",NA
"Bacteria","Bacteroidota","Bacteroidia","Cytophagales","Cyclobacteriaceae","Reichenbachiella"
"Bacteria","Firmicutes","Clostridia","Peptostreptococcales-Tissierellales","Fusibacteraceae","Fusibacter"
"Bacteria","Cyanobacteria","Cyanobacteriia","Chloroplast",NA,NA
"Bacteria","Verrucomicrobiota","Verrucomicrobiae","Verrucomicrobiales","DEV007",NA
"Bacteria","Bacteroidota","Bacteroidia","Bacteroidales","Rikenellaceae","Rikenellaceae RC9 gut group"
"Bacteria","Bdellovibrionota","Bdellovibrionia","Bacteriovoracales","Bacteriovoracaceae","Peredibacter"
"Bacteria","Proteobacteria","Alphaproteobacteria","Caulobacterales","Caulobacteraceae","Brevundimonas"
"Bacteria","Proteobacteria","Alphaproteobacteria","Kiloniellales","Kiloniellaceae","Pelagibius"
"Bacteria","Proteobacteria","Gammaproteobacteria","Burkholderiales","Burkholderiaceae","Burkholderia-Caballeronia-Paraburkholderia"
"Bacteria",NA,NA,NA,NA,NA
"Bacteria","Chloroflexi","Anaerolineae","Ardenticatenales","Ardenticatenaceae",NA
"Bacteria","Bacteroidota","Bacteroidia","Bacteroidales","Prevotellaceae","Prevotella"
"Bacteria","Bdellovibrionota","Bdellovibrionia","Bacteriovoracales","Bacteriovoracaceae","Peredibacter"
"Bacteria",NA,NA,NA,NA,NA
"Bacteria",NA,NA,NA,NA,NA
"Bacteria","Proteobacteria","Alphaproteobacteria","Rickettsiales","Mitochondria",NA
"Bacteria","Proteobacteria","Alphaproteobacteria","SAR11 clade","Clade II",NA
"Bacteria","Proteobacteria","Alphaproteobacteria","Rickettsiales","Mitochondria",NA
"Bacteria","Actinobacteriota","Actinobacteria","Micrococcales","Microbacteriaceae","Leifsonia"
"Bacteria","Proteobacteria","Alphaproteobacteria","Rickettsiales","Mitochondria",NA
"Bacteria","Desulfobacterota","Desulfobacteria","Desulfobacterales","Desulfobacteraceae","Desulfobacter"
"Bacteria","Bacteroidota","Bacteroidia","Chitinophagales","Saprospiraceae",NA
"Bacteria","Proteobacteria","Gammaproteobacteria","Enterobacterales","Alteromonadaceae","Paraglaciecola"
"Bacteria","Cyanobacteria","Sericytochromatia",NA,NA,NA
"Bacteria","Bacteroidota","Bacteroidia","Sphingobacteriales","Sphingobacteriaceae","Pedobacter"
"Bacteria","Cyanobacteria","Cyanobacteriia","Chloroplast",NA,NA
"Bacteria",NA,NA,NA,NA,NA
"Bacteria","Myxococcota","Polyangia","Polyangiales","Sandaracinaceae",NA
NA,NA,NA,NA,NA,NA
"Archaea","Nanoarchaeota","Nanoarchaeia","Woesearchaeales",NA,NA
"Bacteria","Proteobacteria","Alphaproteobacteria","Rickettsiales","Mitochondria",NA
"Bacteria","Actinobacteriota","Actinobacteria","Frankiales",NA,NA
"Archaea","Nanoarchaeota","Nanoarchaeia","Woesearchaeales",NA,NA
"Bacteria","Proteobacteria","Alphaproteobacteria","Rickettsiales","Mitochondria",NA
"Bacteria","Proteobacteria","Alphaproteobacteria","Rickettsiales","Mitochondria",NA
"Bacteria","Verrucomicrobiota","Verrucomicrobiae","Verrucomicrobiales","DEV007",NA
"Bacteria","Myxococcota","Polyangia","Polyangiales","Sandaracinaceae",NA
"Bacteria","Campylobacterota","Campylobacteria","Campylobacterales","Arcobacteraceae",NA
"Bacteria","Cloacimonadota","Cloacimonadia","Cloacimonadales","MSBL8",NA
"Bacteria","Cyanobacteria","Vampirivibrionia","Caenarcaniphilales",NA,NA
"Bacteria",NA,NA,NA,NA,NA
"Bacteria","Bdellovibrionota","Bdellovibrionia","Bdellovibrionales","Bdellovibrionaceae","Bdellovibrio"
"Bacteria","Cyanobacteria","Vampirivibrionia","Obscuribacterales","Obscuribacteraceae",NA
"Bacteria","Desulfobacterota","Desulfobulbia","Desulfobulbales","Desulfobulbaceae","Desulfobulbus"
"Bacteria","Campylobacterota","Campylobacteria","Campylobacterales","Arcobacteraceae",NA
"Bacteria","Cyanobacteria","Cyanobacteriia","Chloroplast",NA,NA
"Bacteria",NA,NA,NA,NA,NA
"Bacteria","Proteobacteria","Gammaproteobacteria","Enterobacterales","Vibrionaceae","Vibrio"
"Bacteria","Planctomycetota","OM190",NA,NA,NA
"Bacteria","Proteobacteria","Gammaproteobacteria","Enterobacterales","Vibrionaceae","Vibrio"
"Bacteria","Patescibacteria","Gracilibacteria","Candidatus Peregrinibacteria",NA,NA
"Bacteria","Patescibacteria","Gracilibacteria","Candidatus Peregrinibacteria",NA,NA
"Bacteria","Gemmatimonadota","Gemmatimonadetes","Gemmatimonadales","Gemmatimonadaceae",NA
"Bacteria","Bacteroidota","Bacteroidia","Bacteroidales","Marinifilaceae","Odoribacter"
"Bacteria","Cyanobacteria","Cyanobacteriia","Chloroplast",NA,NA
"Bacteria","Verrucomicrobiota","Verrucomicrobiae","Chthoniobacterales","Chthoniobacteraceae","Chthoniobacter"
"Bacteria","Bacteroidota","Bacteroidia","Chitinophagales","Chitinophagaceae","Cnuella"
"Bacteria",NA,NA,NA,NA,NA
"Bacteria","Firmicutes","Clostridia","Lachnospirales","Defluviitaleaceae","Defluviitaleaceae UCG-011"
"Bacteria","Cyanobacteria","Cyanobacteriia","Cyanobacteriales","Phormidiaceae","Tychonema CCAP 1459-11B"
"Bacteria","Bacteroidota","Bacteroidia","Chitinophagales","Saprospiraceae","Lewinella"
"Bacteria","Firmicutes","Bacilli","Staphylococcales","Staphylococcaceae","Staphylococcus"
"Bacteria","Patescibacteria","Saccharimonadia","Saccharimonadales","Saccharimonadaceae","TM7a"
"Bacteria","Verrucomicrobiota","Verrucomicrobiae","Opitutales","Opitutaceae","Opitutus"
"Bacteria","Patescibacteria","Gracilibacteria","JGI 0000069-P22",NA,NA
"Bacteria","Campylobacterota","Campylobacteria","Campylobacterales","Arcobacteraceae",NA
"Bacteria","Proteobacteria","Gammaproteobacteria","Burkholderiales","Comamonadaceae","Pelomonas"
"Bacteria","Proteobacteria","Alphaproteobacteria","Rickettsiales","Mitochondria",NA
"Bacteria","Bacteroidota","Bacteroidia","Flavobacteriales","Flavobacteriaceae","Aurantivirga"
"Bacteria","Patescibacteria","Gracilibacteria",NA,NA,NA
"Bacteria","Bacteroidota","Bacteroidia","Bacteroidales","Bacteroidaceae","Bacteroides"
"Bacteria","Proteobacteria","Alphaproteobacteria","Kordiimonadales",NA,NA
"Bacteria","Patescibacteria","Gracilibacteria",NA,NA,NA
"Bacteria","Bacteroidota","Bacteroidia","Flavobacteriales","Crocinitomicaceae","Crocinitomix"
"Bacteria","Calditrichota","Calditrichia","Calditrichales","Calditrichaceae","Caldithrix"
"Bacteria","Bdellovibrionota","Bdellovibrionia","Bacteriovoracales","Bacteriovoracaceae","Peredibacter"
"Bacteria","Proteobacteria","Gammaproteobacteria","Burkholderiales","Burkholderiaceae","Ralstonia"
"Bacteria","Verrucomicrobiota","Verrucomicrobiae","Opitutales","Puniceicoccaceae","Lentimonas"
"Bacteria","Proteobacteria","Alphaproteobacteria","Rickettsiales","Mitochondria",NA
"Bacteria","Proteobacteria","Zetaproteobacteria","Mariprofundales","Mariprofundaceae","Mariprofundus"
"Bacteria","Proteobacteria",NA,NA,NA,NA
"Bacteria",NA,NA,NA,NA,NA
"Archaea","Altiarchaeota","Altiarchaeia","Altiarchaeales","Altiarchaeaceae","Candidatus Altiarchaeum"
"Bacteria",NA,NA,NA,NA,NA
"Bacteria","Myxococcota","Myxococcia","Myxococcales","Myxococcaceae","P3OB-42"
"Bacteria","Cyanobacteria","Cyanobacteriia","Chloroplast",NA,NA
"Bacteria","Actinobacteriota","Actinobacteria","Micrococcales","Dermacoccaceae","Kytococcus"
"Bacteria","Actinobacteriota","Acidimicrobiia","Microtrichales","Microtrichaceae","Sva0996 marine group"
"Bacteria","Bacteroidota","Bacteroidia","Flavobacteriales","Flavobacteriaceae","Tenacibaculum"
"Bacteria","Bdellovibrionota","Bdellovibrionia","Bdellovibrionales","Bdellovibrionaceae","Bdellovibrio"
"Bacteria","Bdellovibrionota","Bdellovibrionia","Bacteriovoracales","Bacteriovoracaceae",NA
"Bacteria","Proteobacteria","Alphaproteobacteria","Rhodobacterales","Rhodobacteraceae","Sulfitobacter"
"Bacteria","Proteobacteria","Gammaproteobacteria","Pseudomonadales","Alcanivoracaceae1","Alcanivorax"
"Bacteria","Desulfobacterota","Desulfuromonadia","Desulfuromonadales","Geopsychrobacteraceae","Desulfuromusa"
"Bacteria","Proteobacteria","Gammaproteobacteria","Enterobacterales","Psychromonadaceae","Psychromonas"
"Bacteria","SAR324 clade(Marine group B)",NA,NA,NA,NA
"Bacteria","Planctomycetota","OM190",NA,NA,NA
"Bacteria","Planctomycetota","Planctomycetes","Pirellulales","Pirellulaceae","Bythopirellula"
"Bacteria","Actinobacteriota","Acidimicrobiia","Microtrichales","Microtrichaceae","Sva0996 marine group"
"Bacteria","Proteobacteria","Gammaproteobacteria","Pseudomonadales","Halomonadaceae","Cobetia"
"Bacteria","Bacteroidota","Bacteroidia","Bacteroidales","Bacteroidaceae","Bacteroides"
"Bacteria","NB1-j",NA,NA,NA,NA
"Bacteria","Myxococcota","Polyangia","Polyangiales","Sandaracinaceae",NA
"Bacteria","Bdellovibrionota","Bdellovibrionia","Bdellovibrionales","Bdellovibrionaceae","Bdellovibrio"
"Bacteria","Cyanobacteria","Cyanobacteriia","Chloroplast",NA,NA
"Bacteria",NA,NA,NA,NA,NA
"Bacteria","Verrucomicrobiota","Verrucomicrobiae","Verrucomicrobiales","Rubritaleaceae","Rubritalea"
"Bacteria","Proteobacteria","Alphaproteobacteria","Rickettsiales","Mitochondria",NA
"Bacteria","Verrucomicrobiota","Verrucomicrobiae","Verrucomicrobiales","DEV007",NA
"Bacteria","Bacteroidota","Bacteroidia","Bacteroidales","Marinilabiliaceae",NA
"Bacteria","Firmicutes","Bacilli","Thermoactinomycetales","Thermoactinomycetaceae","Planifilum"
"Bacteria",NA,NA,NA,NA,NA
"Bacteria","Proteobacteria","Alphaproteobacteria","Rickettsiales","Mitochondria",NA
"Bacteria","Actinobacteriota","Actinobacteria","Micrococcales","Cellulomonadaceae","Cellulomonas"
NA,NA,NA,NA,NA,NA
"Bacteria","Planctomycetota","vadinHA49",NA,NA,NA
"Bacteria","Verrucomicrobiota","Verrucomicrobiae","Pedosphaerales","Pedosphaeraceae","SCGC AAA164-E04"
"Bacteria","Bacteroidota","Bacteroidia","Flavobacteriales","Flavobacteriaceae","Algibacter"
"Bacteria","Proteobacteria","Alphaproteobacteria","Rickettsiales","Mitochondria",NA
"Bacteria","Firmicutes","Clostridia","Peptostreptococcales-Tissierellales","Family XI","Anaerococcus"
"Bacteria","Desulfobacterota","Desulfobulbia","Desulfobulbales","Desulfocapsaceae","Desulforhopalus"
"Bacteria","Bacteroidota","Bacteroidia","Chitinophagales","Saprospiraceae",NA
"Bacteria","Verrucomicrobiota","Verrucomicrobiae","Opitutales","Puniceicoccaceae","Lentimonas"
"Bacteria","Bdellovibrionota","Bdellovibrionia","Bacteriovoracales","Bacteriovoracaceae","Peredibacter"
"Bacteria","Patescibacteria","Gracilibacteria",NA,NA,NA
"Bacteria","Proteobacteria","Alphaproteobacteria","Rhodobacterales","Rhodobacteraceae","Halocynthiibacter"
"Bacteria","Bdellovibrionota","Bdellovibrionia","Bacteriovoracales","Bacteriovoracaceae",NA
"Bacteria","Cyanobacteria","Cyanobacteriia","Chloroplast",NA,NA
"Bacteria","Proteobacteria","Gammaproteobacteria","Enterobacterales","Vibrionaceae","Aliivibrio"
"Bacteria","Proteobacteria","Alphaproteobacteria","Rickettsiales","Mitochondria",NA
"Bacteria","Firmicutes","Negativicutes","Acidaminococcales","Acidaminococcaceae",NA
"Bacteria","Verrucomicrobiota","Verrucomicrobiae","Pedosphaerales","Pedosphaeraceae",NA
"Bacteria","Bacteroidota","Bacteroidia","Cytophagales","Cyclobacteriaceae","Reichenbachiella"
"Bacteria","Proteobacteria","Gammaproteobacteria","Enterobacterales","Vibrionaceae","Aliivibrio"
"Bacteria","Actinobacteriota","Actinobacteria","Micrococcales","Microbacteriaceae","Leifsonia"
"Bacteria","Desulfobacterota",NA,NA,NA,NA
"Bacteria","Bacteroidota","Bacteroidia","Chitinophagales",NA,NA
"Bacteria","Bdellovibrionota","Bdellovibrionia","Bacteriovoracales","Bacteriovoracaceae","Peredibacter"
"Bacteria","Actinobacteriota","Thermoleophilia","Solirubrobacterales","Solirubrobacteraceae","Parviterribacter"
"Bacteria","Proteobacteria","Alphaproteobacteria","Rickettsiales","Mitochondria",NA
"Bacteria","Proteobacteria","Alphaproteobacteria","Rickettsiales","Mitochondria",NA
NA,NA,NA,NA,NA,NA
"Bacteria","Proteobacteria","Alphaproteobacteria","Rhizobiales","Xanthobacteraceae","Bradyrhizobium"
"Bacteria","Firmicutes","Bacilli","Mycoplasmatales","Mycoplasmataceae","Mycoplasma"
"Bacteria","Proteobacteria","Alphaproteobacteria","Rickettsiales","Mitochondria",NA
"Bacteria",NA,NA,NA,NA,NA
NA,NA,NA,NA,NA,NA
"Bacteria","Patescibacteria","Gracilibacteria","JGI 0000069-P22",NA,NA
"Bacteria","Bacteroidota","Bacteroidia","Flavobacteriales","Flavobacteriaceae","Polaribacter"
"Bacteria","Actinobacteriota","Coriobacteriia","Coriobacteriales",NA,NA
"Bacteria","Bacteroidota","Bacteroidia","Cytophagales","Amoebophilaceae",NA
"Bacteria","Verrucomicrobiota","Kiritimatiellae","Kiritimatiellales","Kiritimatiellaceae","R76-B128"
"Bacteria","Proteobacteria","Alphaproteobacteria","Rickettsiales","Mitochondria",NA
"Bacteria","Myxococcota","Polyangia","Nannocystales","Nannocystaceae","Nannocystis"
"Bacteria","Proteobacteria","Alphaproteobacteria","Rickettsiales","Mitochondria",NA
"Bacteria",NA,NA,NA,NA,NA
"Bacteria","Deinococcota","Deinococci","Deinococcales","Trueperaceae","Truepera"
"Bacteria","Proteobacteria","Alphaproteobacteria","Rickettsiales","Mitochondria",NA
"Bacteria","Proteobacteria","Gammaproteobacteria","Enterobacterales","Enterobacteriaceae","Escherichia-Shigella"
"Bacteria","Proteobacteria",NA,NA,NA,NA
"Bacteria","Verrucomicrobiota","Verrucomicrobiae","Opitutales","Puniceicoccaceae","Pelagicoccus"
"Bacteria","Proteobacteria","Gammaproteobacteria","Burkholderiales","Methylophilaceae","OM43 clade"
"Bacteria","Planctomycetota","Phycisphaerae","Phycisphaerales","Phycisphaeraceae","Phycisphaera"
"Bacteria","Gemmatimonadota","Gemmatimonadetes","Gemmatimonadales","Gemmatimonadaceae","Gemmatimonas"
"Bacteria","Fusobacteriota","Fusobacteriia","Fusobacteriales","Fusobacteriaceae","Propionigenium"
"Bacteria","Proteobacteria","Alphaproteobacteria","Rickettsiales","Mitochondria",NA
"Bacteria","Patescibacteria","Gracilibacteria","JGI 0000069-P22",NA,NA
"Bacteria","Patescibacteria","Gracilibacteria","Candidatus Peregrinibacteria",NA,NA
"Bacteria","Proteobacteria","Alphaproteobacteria","Rickettsiales","Mitochondria",NA
"Bacteria","Firmicutes","Bacilli","Lactobacillales","Streptococcaceae","Streptococcus"
"Bacteria","Proteobacteria","Gammaproteobacteria","Enterobacterales","Vibrionaceae","Aliivibrio"
"Bacteria","Cyanobacteria","Vampirivibrionia","Obscuribacterales","Obscuribacteraceae",NA
"Bacteria","Planctomycetota","OM190",NA,NA,NA
"Bacteria","Proteobacteria","Alphaproteobacteria","SAR11 clade","Clade I","Clade Ia"
"Bacteria",NA,NA,NA,NA,NA
"Bacteria","Proteobacteria",NA,NA,NA,NA
"Bacteria","Proteobacteria","Gammaproteobacteria","Thiotrichales","Thiotrichaceae","Leucothrix"
"Bacteria","Myxococcota","Polyangia","Polyangiales","Sandaracinaceae",NA
"Bacteria","Proteobacteria","Gammaproteobacteria","Enterobacterales","Vibrionaceae","Aliivibrio"
"Bacteria","Cyanobacteria","Cyanobacteriia","Chloroplast",NA,NA
"Bacteria","Fusobacteriota","Fusobacteriia","Fusobacteriales","Fusobacteriaceae",NA
"Bacteria","Nitrospirota","Nitrospiria","Nitrospirales","Nitrospiraceae","Nitrospira"
"Bacteria","Proteobacteria","Gammaproteobacteria","Enterobacterales","Pseudoalteromonadaceae","Pseudoalteromonas"
"Bacteria","Proteobacteria","Alphaproteobacteria","Rhizobiales","Beijerinckiaceae","Bosea"
"Bacteria",NA,NA,NA,NA,NA
"Bacteria","Proteobacteria","Gammaproteobacteria","Pseudomonadales","Marinomonadaceae","Marinomonas"
"Bacteria","Desulfobacterota","Desulfuromonadia","Bradymonadales",NA,NA
"Bacteria","Verrucomicrobiota","Verrucomicrobiae","Pedosphaerales","Pedosphaeraceae","SCGC AAA164-E04"
"Bacteria","Proteobacteria","Gammaproteobacteria","UBA10353 marine group",NA,NA
"Bacteria",NA,NA,NA,NA,NA
"Bacteria","Actinobacteriota","Thermoleophilia","Solirubrobacterales","67-14",NA
"Bacteria","Bacteroidota","Bacteroidia","Flavobacteriales","Flavobacteriaceae","Mesonia"
"Bacteria","Chloroflexi","Anaerolineae","Ardenticatenales","Ardenticatenaceae",NA
"Bacteria","Proteobacteria","Alphaproteobacteria","Rhodobacterales","Rhodobacteraceae","Planktotalea"
"Archaea","Nanoarchaeota","Nanoarchaeia","Woesearchaeales",NA,NA
"Bacteria","Proteobacteria","Alphaproteobacteria","Rickettsiales","Mitochondria",NA
"Bacteria","Patescibacteria","Parcubacteria","Candidatus Kaiserbacteria",NA,NA
"Bacteria","Proteobacteria","Alphaproteobacteria","Rickettsiales","Mitochondria",NA
"Bacteria","Bacteroidota","Bacteroidia","Flavobacteriales","Flavobacteriaceae","Lutibacter"
"Bacteria","Gemmatimonadota","BD2-11 terrestrial group",NA,NA,NA
"Bacteria","Chloroflexi","Anaerolineae","SBR1031","A4b",NA
"Bacteria",NA,NA,NA,NA,NA
"Bacteria","Spirochaetota","Spirochaetia","Spirochaetales","Spirochaetaceae","Spirochaeta 2"
"Bacteria","Planctomycetota","OM190",NA,NA,NA
"Bacteria","Proteobacteria","Gammaproteobacteria","Pseudomonadales","Pseudomonadaceae","Pseudomonas"
"Bacteria","Fusobacteriota","Fusobacteriia","Fusobacteriales","Fusobacteriaceae","Propionigenium"
"Bacteria","Firmicutes","Clostridia","Lachnospirales","Defluviitaleaceae","Defluviitaleaceae UCG-011"
"Bacteria",NA,NA,NA,NA,NA
"Bacteria","Bacteroidota","Bacteroidia",NA,NA,NA
"Bacteria","Patescibacteria","Gracilibacteria","JGI 0000069-P22",NA,NA
"Bacteria","Myxococcota","Polyangia","Nannocystales","Nannocystaceae","Nannocystis"
"Bacteria",NA,NA,NA,NA,NA
"Bacteria","Bacteroidota","Bacteroidia","Bacteroidales","Bacteroidaceae","Bacteroides"
"Bacteria","Planctomycetota","Phycisphaerae","Phycisphaerales","Phycisphaeraceae","Phycisphaera"
"Bacteria","Acidobacteriota","Acidobacteriae","Acidobacteriales",NA,NA
"Bacteria",NA,NA,NA,NA,NA
"Bacteria","Desulfobacterota",NA,NA,NA,NA
"Bacteria","Planctomycetota","Planctomycetes","Pirellulales","Pirellulaceae",NA
"Bacteria","Verrucomicrobiota","Chlamydiae","Chlamydiales","Simkaniaceae","Candidatus Fritschea"
"Bacteria","Chloroflexi","TK10",NA,NA,NA
NA,NA,NA,NA,NA,NA
"Bacteria","Proteobacteria","Alphaproteobacteria","Rickettsiales","Mitochondria",NA
"Bacteria",NA,NA,NA,NA,NA
"Bacteria","Proteobacteria","Alphaproteobacteria","Rickettsiales","Mitochondria",NA
"Bacteria","Firmicutes","Clostridia","Eubacteriales","Eubacteriaceae","Pseudoramibacter"
"Bacteria","Planctomycetota","OM190",NA,NA,NA
"Bacteria","Bacteroidota","Bacteroidia","Chitinophagales","Saprospiraceae",NA
"Bacteria","Planctomycetota","Planctomycetes","Pirellulales","Pirellulaceae","Rhodopirellula"
"Bacteria","Bdellovibrionota","Oligoflexia","Oligoflexales","Oligoflexaceae",NA
"Bacteria","Proteobacteria","Gammaproteobacteria","Burkholderiales",NA,NA
"Bacteria","Campylobacterota","Campylobacteria","Campylobacterales","Sulfurovaceae","Sulfurovum"
"Bacteria","Proteobacteria","Alphaproteobacteria","Rickettsiales","Mitochondria",NA
"Bacteria","Firmicutes","Bacilli","RF39",NA,NA
"Bacteria",NA,NA,NA,NA,NA
NA,NA,NA,NA,NA,NA
"Bacteria","Bacteroidota","Bacteroidia","Chitinophagales","Saprospiraceae","Lewinella"
"Bacteria","Gemmatimonadota","Gemmatimonadetes","Gemmatimonadales","Gemmatimonadaceae","Gemmatimonas"
"Bacteria","NB1-j",NA,NA,NA,NA
"Bacteria",NA,NA,NA,NA,NA
"Bacteria","Verrucomicrobiota","Verrucomicrobiae","Verrucomicrobiales","DEV007",NA
"Bacteria","Proteobacteria","Alphaproteobacteria","Rickettsiales","Mitochondria",NA
"Bacteria","Bacteroidota","Bacteroidia","Chitinophagales","Saprospiraceae",NA
"Bacteria","Campylobacterota","Campylobacteria","Campylobacterales","Arcobacteraceae","Poseidonibacter"
"Bacteria","Cyanobacteria","Cyanobacteriia","Synechococcales","Cyanobiaceae","Synechococcus CC9902"
"Bacteria","Proteobacteria","Alphaproteobacteria","Rhodobacterales","Rhodobacteraceae","Thalassobius"
"Bacteria",NA,NA,NA,NA,NA
"Bacteria",NA,NA,NA,NA,NA
"Bacteria","Proteobacteria","Gammaproteobacteria","Enterobacterales","Psychromonadaceae","Psychromonas"
"Bacteria",NA,NA,NA,NA,NA
"Bacteria","Verrucomicrobiota","Chlamydiae","Chlamydiales","Simkaniaceae","Candidatus Fritschea"
"Bacteria","Proteobacteria",NA,NA,NA,NA
"Bacteria","Proteobacteria","Alphaproteobacteria","Rickettsiales","Mitochondria",NA
"Bacteria","Proteobacteria","Alphaproteobacteria","Rickettsiales","Mitochondria",NA
"Bacteria","Proteobacteria","Gammaproteobacteria","Pseudomonadales","Moraxellaceae","Acinetobacter"
"Bacteria",NA,NA,NA,NA,NA
"Bacteria","Proteobacteria","Gammaproteobacteria","Pseudomonadales","Pseudomonadaceae","Pseudomonas"
"Bacteria","Desulfobacterota","Desulfobulbia","Desulfobulbales","Desulfobulbaceae","Desulfobulbus"
"Bacteria","Patescibacteria","Parcubacteria","Candidatus Campbellbacteria",NA,NA
"Bacteria","Myxococcota","Polyangia","Polyangiales","Sandaracinaceae",NA
"Eukaryota",NA,NA,NA,NA,NA
"Bacteria",NA,NA,NA,NA,NA
"Bacteria","Bacteroidota","Bacteroidia","Chitinophagales","Saprospiraceae",NA
NA,NA,NA,NA,NA,NA
"Bacteria","Verrucomicrobiota","Verrucomicrobiae","Verrucomicrobiales","Rubritaleaceae","Rubritalea"
"Bacteria","Proteobacteria","Gammaproteobacteria","Xanthomonadales","Xanthomonadaceae","Stenotrophomonas"
"Bacteria","Desulfobacterota","Desulfuromonadia","Bradymonadales",NA,NA
"Bacteria","Bacteroidota","Bacteroidia","Flavobacteriales","Flavobacteriaceae","Polaribacter"
"Bacteria","Deinococcota","Deinococci","Deinococcales","Deinococcaceae","Deinococcus"
"Bacteria","Bdellovibrionota","Bdellovibrionia","Bacteriovoracales","Bacteriovoracaceae","Peredibacter"
"Bacteria","Verrucomicrobiota","Verrucomicrobiae","Opitutales","Opitutaceae","Diplosphaera"
"Bacteria","Desulfobacterota",NA,NA,NA,NA
"Bacteria","Proteobacteria","Gammaproteobacteria","Enterobacterales","Pseudoalteromonadaceae","Pseudoalteromonas"
"Bacteria","Bacteroidota","Bacteroidia","Flavobacteriales","Flavobacteriaceae","Polaribacter"
"Bacteria","Bacteroidota","Bacteroidia","Chitinophagales","Saprospiraceae",NA
"Bacteria","Campylobacterota","Campylobacteria","Campylobacterales","Arcobacteraceae","Poseidonibacter"
"Bacteria","Desulfobacterota","Desulfobulbia","Desulfobulbales","Desulfocapsaceae","Desulforhopalus"
"Bacteria","Proteobacteria","Gammaproteobacteria","Pseudomonadales","Marinomonadaceae","Marinomonas"
"Bacteria","Proteobacteria","Alphaproteobacteria","Rhodobacterales","Rhodobacteraceae",NA
"Bacteria","Verrucomicrobiota","Chlamydiae","Chlamydiales","Simkaniaceae","Candidatus Fritschea"
"Bacteria","Bdellovibrionota","Bdellovibrionia","Bdellovibrionales","Bdellovibrionaceae","Bdellovibrio"
"Bacteria","Proteobacteria","Gammaproteobacteria","Burkholderiales","Comamonadaceae","Kinneretia"
"Bacteria","Bacteroidota","Bacteroidia","Cytophagales","Cyclobacteriaceae","Fabibacter"
"Bacteria","Verrucomicrobiota","Chlamydiae","Chlamydiales","Simkaniaceae","Candidatus Fritschea"
"Bacteria","Verrucomicrobiota","Chlamydiae","Chlamydiales","Simkaniaceae","Candidatus Fritschea"
"Bacteria","Firmicutes","Bacilli","Bacillales","Bacillaceae","Ornithinibacillus"
"Bacteria","Verrucomicrobiota","Chlamydiae","Chlamydiales","Simkaniaceae","Candidatus Fritschea"
"Bacteria","Campylobacterota","Campylobacteria","Campylobacterales","Arcobacteraceae","Poseidonibacter"
"Bacteria","Proteobacteria","Gammaproteobacteria","Burkholderiales",NA,NA
"Eukaryota",NA,NA,NA,NA,NA
"Bacteria",NA,NA,NA,NA,NA
"Bacteria","Campylobacterota","Campylobacteria","Campylobacterales","Arcobacteraceae",NA
"Bacteria","Bacteroidota","Bacteroidia","Chitinophagales","Saprospiraceae","Lewinella"
"Bacteria","Campylobacterota","Campylobacteria","Campylobacterales","Arcobacteraceae",NA
"Bacteria","Campylobacterota","Campylobacteria","Campylobacterales","Arcobacteraceae",NA
"Bacteria","Proteobacteria","Alphaproteobacteria","Rhizobiales","Devosiaceae","Devosia"
"Bacteria","Proteobacteria","Alphaproteobacteria","Rhodobacterales","Rhodobacteraceae","Maliponia"
"Bacteria","Planctomycetota","OM190",NA,NA,NA
"Bacteria","Proteobacteria","Gammaproteobacteria","Enterobacterales","Vibrionaceae","Aliivibrio"
"Bacteria","Proteobacteria","Gammaproteobacteria","Arenicellales","Arenicellaceae","Arenicella"
"Bacteria","Proteobacteria","Alphaproteobacteria","Rhodobacterales","Rhodobacteraceae","Nereida"
"Bacteria","Verrucomicrobiota","Chlamydiae","Chlamydiales","Chlamydiales Incertae Sedis","Candidatus Piscichlamydia"
"Bacteria","Proteobacteria","Alphaproteobacteria","Rhodobacterales","Rhodobacteraceae","Sulfitobacter"
"Bacteria","Actinobacteriota","Actinobacteria","Corynebacteriales","Corynebacteriaceae","Corynebacterium"
"Bacteria","Bacteroidota","Bacteroidia","Flavobacteriales","Flavobacteriaceae","Tenacibaculum"
"Bacteria","Proteobacteria","Alphaproteobacteria","Rhodobacterales","Rhodobacteraceae","Jannaschia"
"Bacteria","Actinobacteriota","Actinobacteria","Micrococcales","Cellulomonadaceae","Cellulomonas"
"Bacteria","Cyanobacteria","Cyanobacteriia","Chloroplast",NA,NA
"Bacteria","Proteobacteria","Gammaproteobacteria","Salinisphaerales","Salinisphaeraceae","Salinisphaera"
"Bacteria","Bacteroidota","Bacteroidia","Flavobacteriales","Flavobacteriaceae","Flavobacterium"
"Bacteria","Proteobacteria","Gammaproteobacteria","Burkholderiales","Burkholderiales Incertae Sedis","Candidatus Branchiomonas"
"Bacteria","Bacteroidota","Bacteroidia","Chitinophagales","Saprospiraceae","Lewinella"
"Bacteria","Bacteroidota","Bacteroidia","Chitinophagales",NA,NA
"Bacteria","Bacteroidota","Bacteroidia","Flavobacteriales","Flavobacteriaceae","Tenacibaculum"
"Bacteria","Proteobacteria","Gammaproteobacteria","Burkholderiales","Comamonadaceae","Acidovorax"
"Eukaryota",NA,NA,NA,NA,NA
"Bacteria","Proteobacteria","Gammaproteobacteria","Enterobacterales","Psychromonadaceae","Psychromonas"
"Bacteria","Bacteroidota","Bacteroidia","Flavobacteriales","Flavobacteriaceae","Tenacibaculum"
"Bacteria","Bacteroidota","Bacteroidia","Chitinophagales","Saprospiraceae",NA
"Bacteria","Proteobacteria","Gammaproteobacteria","Granulosicoccales",NA,NA
"Bacteria","Bacteroidota","Bacteroidia","Flavobacteriales","Flavobacteriaceae","Tenacibaculum"
"Bacteria","Proteobacteria","Alphaproteobacteria","Sphingomonadales","Sphingomonadaceae","Sphingomonas"
"Bacteria","Bacteroidota","Bacteroidia","Flavobacteriales","Crocinitomicaceae","Crocinitomix"
"Bacteria","Proteobacteria","Gammaproteobacteria","Enterobacterales","Vibrionaceae","Vibrio"
"Bacteria","Patescibacteria","Gracilibacteria","JGI 0000069-P22",NA,NA
"Bacteria","Proteobacteria","Alphaproteobacteria","Rickettsiales","Mitochondria",NA
"Bacteria","Proteobacteria","Gammaproteobacteria","Enterobacterales","Enterobacteriaceae","Escherichia-Shigella"
"Bacteria","Proteobacteria","Gammaproteobacteria","Burkholderiales","Burkholderiaceae","Ralstonia"
"Bacteria","Actinobacteriota","Actinobacteria","Micrococcales","Micrococcaceae","Kocuria"
"Bacteria","Bacteroidota","Bacteroidia","Flavobacteriales","Flavobacteriaceae",NA
"Bacteria","Proteobacteria","Gammaproteobacteria","Pseudomonadales","Endozoicomonadaceae","Endozoicomonas"
"Bacteria","Proteobacteria","Gammaproteobacteria","Enterobacterales","Enterobacteriaceae","Enterobacter"
"Bacteria","Bacteroidota","Bacteroidia","Flavobacteriales","Flavobacteriaceae","Lacinutrix"
"Bacteria","Proteobacteria","Gammaproteobacteria","Enterobacterales","Psychromonadaceae","Psychromonas"
"Bacteria","Bacteroidota","Bacteroidia","Flavobacteriales","Flavobacteriaceae","Polaribacter"
"Bacteria","Bacteroidota","Bacteroidia","Chitinophagales","Saprospiraceae","Lewinella"
"Bacteria","Proteobacteria","Gammaproteobacteria","Xanthomonadales","Xanthomonadaceae","Stenotrophomonas"
"Bacteria","Bacteroidota","Bacteroidia","Flavobacteriales","Flavobacteriaceae","Polaribacter"
"Bacteria","Firmicutes","Bacilli","Staphylococcales","Staphylococcaceae","Macrococcus"
"Bacteria","Proteobacteria","Gammaproteobacteria","Enterobacterales","Vibrionaceae","Aliivibrio"
"Bacteria","Verrucomicrobiota","Verrucomicrobiae","Opitutales","Puniceicoccaceae","Lentimonas"
"Bacteria","Actinobacteriota","Actinobacteria","Corynebacteriales","Corynebacteriaceae","Lawsonella"
"Bacteria","Proteobacteria","Alphaproteobacteria","Rickettsiales","Mitochondria",NA
"Bacteria","Proteobacteria","Gammaproteobacteria","Enterobacterales","Alteromonadaceae","Paraglaciecola"
"Bacteria","Proteobacteria","Alphaproteobacteria","Sphingomonadales","Sphingomonadaceae","Sphingomonas"
"Bacteria","Campylobacterota","Campylobacteria","Campylobacterales","Arcobacteraceae",NA
"Bacteria","Proteobacteria","Alphaproteobacteria","Rhodobacterales","Rhodobacteraceae","Sulfitobacter"
"Bacteria","Verrucomicrobiota","Verrucomicrobiae","Verrucomicrobiales","DEV007",NA
"Bacteria","Verrucomicrobiota","Kiritimatiellae","WCHB1-41",NA,NA
"Bacteria","Verrucomicrobiota","Verrucomicrobiae","Verrucomicrobiales","Rubritaleaceae","Rubritalea"
"Bacteria","Cyanobacteria","Cyanobacteriia","Chloroplast",NA,NA
"Bacteria","Proteobacteria","Alphaproteobacteria","Rhodobacterales","Rhodobacteraceae","Halocynthiibacter"
"Bacteria","Verrucomicrobiota","Verrucomicrobiae","Verrucomicrobiales","Rubritaleaceae","Rubritalea"
"Bacteria","Proteobacteria","Gammaproteobacteria","Thiotrichales","Thiotrichaceae","Thiothrix"
"Bacteria","Proteobacteria","Gammaproteobacteria","Pseudomonadales","Moraxellaceae","Acinetobacter"
"Bacteria","Proteobacteria","Gammaproteobacteria","Thiotrichales","Thiotrichaceae","Leucothrix"
"Bacteria","Proteobacteria","Gammaproteobacteria","Enterobacterales","Psychromonadaceae","Psychromonas"
"Bacteria","Proteobacteria","Gammaproteobacteria","Burkholderiales",NA,NA
"Bacteria","Bacteroidota","Bacteroidia","Chitinophagales","Saprospiraceae",NA
"Bacteria","Bacteroidota","Bacteroidia","Flavobacteriales","Flavobacteriaceae","Polaribacter"
"Bacteria","Verrucomicrobiota","Verrucomicrobiae","Verrucomicrobiales","Rubritaleaceae","Rubritalea"
"Bacteria","Proteobacteria","Gammaproteobacteria","Pseudomonadales","Halomonadaceae","Cobetia"
"Bacteria","Bacteroidota","Bacteroidia","Flavobacteriales","Flavobacteriaceae","Lutibacter"
"Bacteria","Proteobacteria","Gammaproteobacteria","Arenicellales","Arenicellaceae","Arenicella"
"Bacteria","Proteobacteria","Gammaproteobacteria","Pseudomonadales","Pseudomonadaceae","Pseudomonas"
"Bacteria","Bacteroidota","Bacteroidia","Flavobacteriales","Flavobacteriaceae","Polaribacter"
"Eukaryota",NA,NA,NA,NA,NA
"Bacteria","Chloroflexi","Anaerolineae","Ardenticatenales","Ardenticatenaceae",NA
"Bacteria","Actinobacteriota","Actinobacteria","Micrococcales","Dermabacteraceae","Brachybacterium"
"Bacteria","Proteobacteria","Alphaproteobacteria",NA,NA,NA
"Bacteria",NA,NA,NA,NA,NA
"Bacteria","Verrucomicrobiota","Verrucomicrobiae","Verrucomicrobiales","Rubritaleaceae","Rubritalea"
"Bacteria","Bacteroidota","Bacteroidia","Flavobacteriales","Flavobacteriaceae","Polaribacter"
"Bacteria","Bacteroidota","Bacteroidia","Flavobacteriales","Flavobacteriaceae","Polaribacter"
"Bacteria","Proteobacteria","Alphaproteobacteria","Acetobacterales","Acetobacteraceae","Acidiphilium"
"Bacteria","Fusobacteriota","Fusobacteriia","Fusobacteriales","Fusobacteriaceae","Fusobacterium"
"Bacteria","Proteobacteria","Gammaproteobacteria","Pseudomonadales","Pseudomonadaceae","Pseudomonas"
"Bacteria","Verrucomicrobiota","Verrucomicrobiae","Verrucomicrobiales","Rubritaleaceae","Rubritalea"
"Bacteria","Proteobacteria","Alphaproteobacteria","Rhizobiales","Beijerinckiaceae","Bosea"
"Bacteria","Proteobacteria","Alphaproteobacteria","Rhodospirillales","AEGEAN-169 marine group",NA
"Bacteria","Firmicutes","Negativicutes","Veillonellales-Selenomonadales","Veillonellaceae","Veillonella"
"Bacteria","Proteobacteria","Gammaproteobacteria","Pseudomonadales","Halomonadaceae","Cobetia"
"Bacteria","Firmicutes","Bacilli","Paenibacillales","Paenibacillaceae","Paenibacillus"
"Bacteria","Bacteroidota","Bacteroidia","Flavobacteriales","Flavobacteriaceae","Polaribacter"
"Bacteria","Proteobacteria","Gammaproteobacteria","Enterobacterales","Pseudoalteromonadaceae","Pseudoalteromonas"
"Bacteria","Proteobacteria","Gammaproteobacteria","Enterobacterales","Psychromonadaceae","Psychromonas"
"Bacteria","Proteobacteria","Gammaproteobacteria","Enterobacterales","Vibrionaceae","Aliivibrio"
"Bacteria","Proteobacteria","Alphaproteobacteria","Acetobacterales","Acetobacteraceae","Roseomonas"
"Bacteria","Proteobacteria","Gammaproteobacteria","Burkholderiales","Comamonadaceae","Aquabacterium"
"Bacteria","Proteobacteria","Gammaproteobacteria","Enterobacterales","Psychromonadaceae","Psychromonas"
"Bacteria","Proteobacteria","Gammaproteobacteria","Enterobacterales","Psychromonadaceae","Psychromonas"
"Bacteria","Proteobacteria","Gammaproteobacteria","Enterobacterales","Pseudoalteromonadaceae","Pseudoalteromonas"
"Bacteria","Proteobacteria","Alphaproteobacteria","SAR11 clade","Clade I","Clade Ia"
"Bacteria","Verrucomicrobiota","Chlamydiae","Chlamydiales","Chlamydiales Incertae Sedis","Candidatus Piscichlamydia"
"Bacteria","Proteobacteria","Alphaproteobacteria","Rickettsiales","Mitochondria",NA
"Bacteria",NA,NA,NA,NA,NA
"Bacteria","Bacteroidota","Bacteroidia","Flavobacteriales","Flavobacteriaceae","Winogradskyella"
"Bacteria","Bacteroidota","Bacteroidia","Chitinophagales","Saprospiraceae",NA
"Bacteria","Firmicutes","Bacilli","Lactobacillales","Streptococcaceae","Lactococcus"
"Bacteria","Bacteroidota","Bacteroidia","Sphingobacteriales","Sphingobacteriaceae","Mucilaginibacter"
"Bacteria","Proteobacteria","Alphaproteobacteria","Rickettsiales","Mitochondria",NA
"Bacteria","Bacteroidota","Bacteroidia","Flavobacteriales","Flavobacteriaceae","Psychroserpens"
"Bacteria","Proteobacteria","Gammaproteobacteria","Pseudomonadales","Moraxellaceae","Acinetobacter"
"Bacteria","Proteobacteria","Gammaproteobacteria","Burkholderiales","Burkholderiaceae","Burkholderia-Caballeronia-Paraburkholderia"
"Bacteria","Proteobacteria","Alphaproteobacteria","Rickettsiales","Mitochondria",NA
"Bacteria","Proteobacteria","Gammaproteobacteria","Enterobacterales","Vibrionaceae","Vibrio"
"Bacteria","Cyanobacteria","Cyanobacteriia","Chloroplast",NA,NA
"Bacteria","Proteobacteria","Gammaproteobacteria","Enterobacterales","Vibrionaceae","Vibrio"
"Bacteria","Proteobacteria","Gammaproteobacteria","Pseudomonadales","Moraxellaceae","Acinetobacter"
"Bacteria","Proteobacteria","Gammaproteobacteria","Burkholderiales","Comamonadaceae","Acidovorax"
"Bacteria","Proteobacteria","Gammaproteobacteria","Granulosicoccales","Granulosicoccaceae","Granulosicoccus"
"Bacteria","Bacteroidota","Bacteroidia","Chitinophagales","Chitinophagaceae","Segetibacter"
"Bacteria","Bacteroidota","Bacteroidia","Flavobacteriales","Crocinitomicaceae","Crocinitomix"
"Bacteria","Campylobacterota","Campylobacteria","Campylobacterales","Arcobacteraceae",NA
"Bacteria","Proteobacteria","Alphaproteobacteria","Rhodobacterales","Rhodobacteraceae",NA
"Bacteria","Bacteroidota","Bacteroidia","Chitinophagales","37-13",NA
"Bacteria","Bdellovibrionota","Oligoflexia","Oligoflexales","Oligoflexaceae",NA
"Bacteria","Proteobacteria","Gammaproteobacteria","Enterobacterales","Vibrionaceae","Aliivibrio"
"Bacteria","Bacteroidota","Bacteroidia","Flavobacteriales","Flavobacteriaceae",NA
"Bacteria","Bacteroidota","Bacteroidia","Bacteroidales","Prolixibacteraceae",NA
"Bacteria","Cyanobacteria","Cyanobacteriia","Chloroplast",NA,NA
"Bacteria","Proteobacteria","Gammaproteobacteria","Enterobacterales","Psychromonadaceae","Psychromonas"
"Bacteria","Proteobacteria","Alphaproteobacteria","Rickettsiales","Mitochondria",NA
"Bacteria","Verrucomicrobiota","Verrucomicrobiae","Verrucomicrobiales","Rubritaleaceae","Rubritalea"
"Bacteria","Bacteroidota","Bacteroidia","Chitinophagales","Saprospiraceae","Lewinella"
"Bacteria","Proteobacteria","Gammaproteobacteria","Enterobacterales","Vibrionaceae","Aliivibrio"
"Bacteria","Actinobacteriota","Actinobacteria","Corynebacteriales","Corynebacteriaceae","Corynebacterium"
"Bacteria","Bacteroidota","Bacteroidia","Flavobacteriales","Flavobacteriaceae","Algibacter"
"Bacteria","Proteobacteria","Gammaproteobacteria","Enterobacterales","Alteromonadaceae","Glaciecola"
"Bacteria","Proteobacteria","Gammaproteobacteria","Enterobacterales","Vibrionaceae","Vibrio"
"Bacteria",NA,NA,NA,NA,NA
"Bacteria","Bacteroidota","Bacteroidia","Flavobacteriales","Flavobacteriaceae","Tenacibaculum"
"Bacteria","Proteobacteria","Gammaproteobacteria","Burkholderiales","Comamonadaceae","Aquabacterium"
"Bacteria","Proteobacteria","Gammaproteobacteria","Thiotrichales","Thiotrichaceae","Leucothrix"
"Bacteria","Verrucomicrobiota","Verrucomicrobiae","Verrucomicrobiales","Rubritaleaceae","Rubritalea"
"Bacteria","Proteobacteria","Gammaproteobacteria","Burkholderiales","Comamonadaceae","Aquabacterium"
"Bacteria","Bacteroidota","Bacteroidia","Flavobacteriales","Flavobacteriaceae","Polaribacter"
"Bacteria","Proteobacteria","Alphaproteobacteria","Puniceispirillales",NA,NA
"Bacteria","Bacteroidota","Bacteroidia","Flavobacteriales","Crocinitomicaceae","Fluviicola"
"Bacteria","Actinobacteriota","Actinobacteria","Micrococcales","Cellulomonadaceae","Cellulomonas"
"Bacteria","Proteobacteria","Gammaproteobacteria","Enterobacterales","Pseudoalteromonadaceae","Pseudoalteromonas"
"Bacteria","Verrucomicrobiota","Verrucomicrobiae","Verrucomicrobiales","Rubritaleaceae","Rubritalea"
"Bacteria","Proteobacteria","Gammaproteobacteria","Thiotrichales","Thiotrichaceae","Thiothrix"
"Bacteria","Proteobacteria","Gammaproteobacteria","Enterobacterales","Pseudoalteromonadaceae","Pseudoalteromonas"
"Bacteria","Proteobacteria","Gammaproteobacteria","Burkholderiales","Oxalobacteraceae","Massilia"
"Bacteria","Proteobacteria","Alphaproteobacteria","Rhodobacterales","Rhodobacteraceae","Celeribacter"
"Bacteria","Actinobacteriota","Acidimicrobiia","Microtrichales","Microtrichaceae",NA
"Bacteria","Proteobacteria","Alphaproteobacteria","Rhodobacterales","Rhodobacteraceae","Sulfitobacter"
"Bacteria","Proteobacteria","Gammaproteobacteria","Pseudomonadales","Pseudomonadaceae","Pseudomonas"
"Bacteria","Bacteroidota","Bacteroidia","Flavobacteriales","Flavobacteriaceae","Ulvibacter"
"Bacteria","Bdellovibrionota","Bdellovibrionia","Bacteriovoracales","Bacteriovoracaceae","Halobacteriovorax"
"Bacteria","Proteobacteria","Gammaproteobacteria","Pseudomonadales","Halomonadaceae","Cobetia"
"Bacteria","Proteobacteria","Gammaproteobacteria","Enterobacterales","Pseudoalteromonadaceae","Pseudoalteromonas"
"Bacteria","Verrucomicrobiota","Verrucomicrobiae","Verrucomicrobiales","Rubritaleaceae","Rubritalea"
"Bacteria","Verrucomicrobiota","Verrucomicrobiae","Verrucomicrobiales","Rubritaleaceae","Rubritalea"
"Bacteria","Bacteroidota","Bacteroidia","Cytophagales","Hymenobacteraceae","Hymenobacter"
"Bacteria","Bacteroidota","Bacteroidia","Flavobacteriales","Flavobacteriaceae","Polaribacter"
"Bacteria","Bacteroidota","Bacteroidia","Chitinophagales","Saprospiraceae",NA
"Bacteria","Actinobacteriota","Actinobacteria","Micrococcales","Cellulomonadaceae","Cellulomonas"
"Bacteria","Proteobacteria","Gammaproteobacteria","Thiotrichales","Thiotrichaceae","Thiothrix"
"Bacteria","Proteobacteria","Gammaproteobacteria","Enterobacterales","Vibrionaceae","Aliivibrio"
"Bacteria","Proteobacteria","Gammaproteobacteria","Pseudomonadales","Pseudomonadaceae","Pseudomonas"
"Bacteria","Proteobacteria","Alphaproteobacteria","Rickettsiales","Mitochondria",NA
"Bacteria","Proteobacteria","Alphaproteobacteria","Caulobacterales","Hyphomonadaceae","Hellea"
"Bacteria","Firmicutes","Bacilli","Exiguobacterales","Exiguobacteraceae","Exiguobacterium"
"Bacteria","Proteobacteria","Alphaproteobacteria","Rhodospirillales",NA,NA
"Bacteria","Proteobacteria","Gammaproteobacteria","Pseudomonadales","KI89A clade",NA
"Bacteria","Proteobacteria","Gammaproteobacteria","Enterobacterales","Pseudoalteromonadaceae","Pseudoalteromonas"
"Bacteria","Proteobacteria","Gammaproteobacteria","Enterobacterales","Vibrionaceae","Aliivibrio"
"Bacteria","Bacteroidota","Rhodothermia","Balneolales","Balneolaceae","Gracilimonas"
"Bacteria","Bacteroidota","Bacteroidia","Flavobacteriales","Flavobacteriaceae","Tenacibaculum"
"Bacteria","Actinobacteriota","Acidimicrobiia","Microtrichales","Microtrichaceae",NA
"Bacteria","Campylobacterota","Campylobacteria","Campylobacterales","Arcobacteraceae",NA
"Bacteria","Proteobacteria","Gammaproteobacteria","Burkholderiales","Burkholderiaceae","Burkholderia-Caballeronia-Paraburkholderia"
"Bacteria","Proteobacteria","Gammaproteobacteria","Enterobacterales","Vibrionaceae","Vibrio"
"Bacteria","Patescibacteria","Gracilibacteria","Absconditabacteriales (SR1)",NA,NA
"Bacteria",NA,NA,NA,NA,NA
"Bacteria","Firmicutes","Bacilli","Lactobacillales","Lactobacillaceae","Lactiplantibacillus"
"Bacteria","Proteobacteria","Gammaproteobacteria","Enterobacterales","Vibrionaceae","Aliivibrio"
"Bacteria",NA,NA,NA,NA,NA
"Bacteria","Cyanobacteria","Cyanobacteriia",NA,NA,NA
"Bacteria","Proteobacteria","Alphaproteobacteria","Caulobacterales","Hyphomonadaceae","Hellea"
"Bacteria","Proteobacteria","Alphaproteobacteria","Rhodobacterales","Rhodobacteraceae","Litoreibacter"
"Bacteria","Proteobacteria","Gammaproteobacteria","Enterobacterales","Psychromonadaceae","Psychromonas"
"Bacteria","Actinobacteriota","Actinobacteria","Propionibacteriales","Nocardioidaceae","Marmoricola"
"Bacteria","Bacteroidota","Bacteroidia","Chitinophagales","Saprospiraceae",NA
"Bacteria","Verrucomicrobiota","Verrucomicrobiae","Verrucomicrobiales","Rubritaleaceae","Rubritalea"
"Bacteria","Bacteroidota","Bacteroidia","Flavobacteriales","Flavobacteriaceae","Tenacibaculum"
"Bacteria","Bacteroidota","Bacteroidia","Chitinophagales","Saprospiraceae",NA
"Bacteria","Bacteroidota","Bacteroidia","Flavobacteriales","Flavobacteriaceae","Maribacter"
"Bacteria","Proteobacteria","Gammaproteobacteria","Enterobacterales","Vibrionaceae","Vibrio"
"Bacteria","WPS-2",NA,NA,NA,NA
"Bacteria","Verrucomicrobiota","Chlamydiae","Chlamydiales",NA,NA
"Bacteria","Verrucomicrobiota","Verrucomicrobiae","Verrucomicrobiales","Rubritaleaceae","Rubritalea"
"Bacteria","Cyanobacteria","Cyanobacteriia","Chloroplast",NA,NA
